<?xml version="1.0" encoding="UTF-8"?>
<project-private xmlns="http://www.netbeans.org/ns/project-private/1">
    <editor-bookmarks xmlns="http://www.netbeans.org/ns/editor-bookmarks/2" lastBookmarkId="0"/>
    <open-files xmlns="http://www.netbeans.org/ns/projectui-open-files/2">
        <group>
            <file>file:/C:/Users/K058715/MPLABXProjects/AVR-IoT%20WG%20BPM.X/mcc_generated_files/application_manager.c</file>
            <file>file:/C:/Users/K058715/MPLABXProjects/AVR-IoT%20WG%20BPM.X/mcc_generated_files/config/cloud_config.h</file>
        </group>
    </open-files>
</project-private>
